,4_0.txt,4_1.txt
obj,4.0,4.0
gap,0.0,0.0
best_bound,4.0,4.0
runtime,0.0014209747314453125,0.0015561580657958984
