,4_0.txt,4_1.txt
obj,4.0,4.0
gap,0.0,0.0
best_bound,4.0,4.0
runtime,0.04925799369812012,0.029606103897094727
